{
  "rEb8TK3gBgk5auZkwc6sHnwrGVJH8DuaLh": [
    {
      "timestamp": 1742402932,
      "balance": 6794.939227
    }
  ],
  "rrpNnNLKrartuEqfJGpqyDwPj1AFPg9vn1": [
    {
      "timestamp": 1742402932,
      "balance": 200.0
    }
  ],
  "rG6FZ31hDHN1K5Dkbma3PSB5uVCuVVRzfn": [
    {
      "timestamp": 1742402932,
      "balance": 720.810861
    }
  ],
  "rJb5KsHsDHF1YS5B5DU6QCkH5NsPaKQTcy": [
    {
      "timestamp": 1742402932,
      "balance": 32.650188
    }
  ],
  "rU2mEJSLqBRkYLVTv55rFTgQajkLTnT6mA": [
    {
      "timestamp": 1742402932,
      "balance": 244.60862
    }
  ]
}